mean sst,stdev sst,n,satellite date,requested lon min,requested lon max,requested lat min,requested lat max,requested date,median sst,mad sst
26.010475847456192,0.2868868610845423,36,2010-11-05,51.894999999999996,52.095,-14.113,-14.312999999999999,14915,26.049104690551758,0.3285590887069702
26.099645879533554,0.2601847138383063,36,2010-11-05,51.866,52.066,-14.14,-14.34,14915,26.081377029418945,0.26954641227722165
26.099645879533554,0.2601847138383063,36,2010-11-05,51.866,52.066,-14.14,-14.34,14915,26.081377029418945,0.26954641227722165
26.094386524624294,0.26164653825273615,36,2010-11-05,51.812999999999995,52.013,-14.163,-14.363,14915,26.083887100219727,0.2658249813079834
26.083688471052383,0.2692477678460126,36,2010-11-05,51.78,51.980000000000004,-14.163,-14.363,14916,26.083887100219727,0.2727362102508545
26.125544177161323,0.25730850178579695,36,2010-11-05,51.719,51.919000000000004,-14.163,-14.363,14916,26.13265609741211,0.2993178600311279
26.270694520738388,0.19970646096346667,36,2010-11-05,51.661,51.861000000000004,-14.177,-14.376999999999999,14916,26.316972732543945,0.1733180122375488
26.300437715318466,0.2035777458186151,36,2010-11-05,51.614,51.814,-14.200000000000001,-14.4,14916,26.366458892822266,0.11483555488586425
26.367701721191406,0.17920328444125747,30,2010-11-05,51.556999999999995,51.757,-14.215,-14.415,14917,26.427778244018555,0.07124164924621582
26.42213996251424,0.09423283657722166,36,2010-11-05,51.516999999999996,51.717,-14.265,-14.465,14917,26.43781852722168,0.05635592536926269
26.433236440022785,0.08302504909995126,36,2010-11-05,51.481,51.681000000000004,-14.272,-14.472,14917,26.447500228881836,0.0510381814956665
26.426323572794598,0.09304496888526027,36,2010-11-05,51.452,51.652,-14.288,-14.488,14917,26.447858810424805,0.06964675025939941
26.423594284057618,0.09971282556759041,30,2010-11-05,51.42,51.620000000000005,-14.272,-14.472,14918,26.44606590270996,0.07974777717590331
26.399807824028862,0.10688571392478334,36,2010-11-05,51.368,51.568000000000005,-14.279,-14.479,14918,26.418455123901367,0.1121773899078369
26.385492706298827,0.09705357755956312,25,2010-11-05,51.3,51.5,-14.258000000000001,-14.458,14918,26.411283493041992,0.08825390510559082
26.39114178551568,0.10358354180290054,36,2010-11-05,51.243,51.443000000000005,-14.283,-14.482999999999999,14918,26.413793563842773,0.06220247440338134
26.384555625915528,0.10274254896501905,30,2010-11-05,51.184,51.384,-14.296000000000001,-14.496,14919,26.392635345458984,0.06539227237701416
26.388591766357422,0.11561813552526859,36,2010-11-05,51.156,51.356,-14.316,-14.516,14919,26.402318000793457,0.06911370334625244
26.418315145704483,0.12369368170166657,36,2010-11-05,51.113,51.313,-14.322000000000001,-14.522,14919,26.4180965423584,0.076556565284729
26.427379608154297,0.13416607499522207,36,2010-11-05,51.068,51.268,-14.323,-14.523,14919,26.41522789001465,0.07708819828033447
26.27097528631037,0.9046514032491907,33,2010-11-05,50.988,51.188,-14.315,-14.514999999999999,14920,26.414152145385742,0.11377228889465331
26.311078548431396,0.9329910988635466,32,2010-11-05,50.94,51.14,-14.317,-14.517,14920,26.4639949798584,0.15417781047821044
26.24443672180176,1.0504776346247329,25,2010-11-05,50.879,51.079,-14.313,-14.513,14920,26.461484909057617,0.17757107620239257
26.361288009151334,0.9654074314194062,31,2010-11-05,50.830999999999996,51.031,-14.312000000000001,-14.512,14920,26.543245315551758,0.18182414016723633
26.573344111442566,0.19588870163332223,32,2010-11-05,50.783,50.983000000000004,-14.304,-14.504,14921,26.566911697387695,0.1462033155441284
26.56263439995902,0.19696967691345005,28,2010-11-05,50.754,50.954,-14.324,-14.524,14921,26.55974006652832,0.17597617721557615
26.571189335414342,0.17799317088323383,28,2010-11-05,50.723,50.923,-14.334,-14.533999999999999,14921,26.546831130981445,0.1462047294616699
26.579821177891322,0.16059320553076126,35,2010-11-05,50.689,50.889,-14.355,-14.555,14921,26.569063186645508,0.14567309646606444
26.594423823886448,0.1466120870183299,36,2010-11-05,50.655,50.855000000000004,-14.342,-14.542,14922,26.575517654418945,0.11430392189025879
26.574163330925835,0.11408198406197433,36,2010-11-05,50.603,50.803000000000004,-14.367,-14.567,14922,26.57085609436035,0.102076362991333
26.605185381571452,0.10690134496898501,30,2010-11-05,50.549,50.749,-14.389000000000001,-14.589,14922,26.59129524230957,0.08931717109680175
26.59773063659668,0.10301320663561671,36,2010-11-05,50.525,50.725,-14.407,-14.607,14922,26.581254959106445,0.08453247413635254
26.097414758470322,0.06199203880186947,36,2010-11-13,50.48,50.68,-14.409,-14.609,14923,26.083529472351074,0.07336676731109619
26.06922541724311,0.060981459609241374,36,2010-11-13,50.452999999999996,50.653,-14.446,-14.645999999999999,14923,26.06273078918457,0.059014090347290035
26.06922541724311,0.060981459609241374,36,2010-11-13,50.452999999999996,50.653,-14.446,-14.645999999999999,14923,26.06273078918457,0.059014090347290035
26.037091361151802,0.06161380243422457,36,2010-11-13,50.414,50.614000000000004,-14.457,-14.657,14923,26.036195755004883,0.04784838352203369
26.02946138381958,0.05735560022982146,36,2010-11-13,50.391,50.591,-14.469000000000001,-14.669,14924,26.03440284729004,0.04359531955718994
26.02149264017741,0.06023311792583844,30,2010-11-13,50.362,50.562000000000005,-14.464,-14.664,14924,26.026870727539062,0.052101447486877436
26.0194367090861,0.06084678132909115,30,2010-11-13,50.333999999999996,50.534,-14.468,-14.668,14924,26.022926330566406,0.059014090347290035
26.0558975537618,0.10222952464277028,36,2010-11-13,50.306,50.506,-14.479000000000001,-14.679,14924,26.038705825805664,0.06805185127258301
26.0558975537618,0.10222952464277028,36,2010-11-13,50.306,50.506,-14.479000000000001,-14.679,14924,26.038705825805664,0.06805185127258301
26.111929575602215,0.16186518014918974,30,2010-11-13,50.278999999999996,50.479,-14.505,-14.705,14925,26.060579299926758,0.15630575637817382
26.137055079142254,0.1770931518943647,30,2010-11-13,50.253,50.453,-14.532,-14.732,14925,26.06273078918457,0.18182414016723633
26.19798206460887,0.25450365271589576,29,2010-11-13,50.233,50.433,-14.543000000000001,-14.743,14925,26.095722198486328,0.2094718837738037
26.172460215432302,0.21892383868441959,28,2010-11-13,50.247,50.447,-14.588000000000001,-14.788,14926,26.06273078918457,0.21531843280792234
26.172460215432302,0.21892383868441959,28,2010-11-13,50.247,50.447,-14.588000000000001,-14.788,14926,26.06273078918457,0.21531843280792234
26.177654266357422,0.2350280831344054,33,2010-11-13,50.221,50.421,-14.638,-14.838,14926,26.15524673461914,0.2541290554046631
26.251504148755753,0.2527938841350848,28,2010-11-13,50.199,50.399,-14.644,-14.844,14926,26.22338104248047,0.24509129447937011
26.251723403930665,0.22176546072519443,25,2010-11-13,50.21,50.410000000000004,-14.691,-14.891,14927,26.22051239013672,0.23392700157165527
26.200152735556326,0.2324636789001616,31,2010-11-13,50.222,50.422000000000004,-14.707,-14.907,14927,26.156681060791016,0.20202619400024413
26.239875440244322,0.23772676742938856,27,2010-11-13,50.244,50.444,-14.764000000000001,-14.964,14927,26.22840118408203,0.19245680007934568
26.239875440244322,0.23772676742938856,27,2010-11-13,50.244,50.444,-14.764000000000001,-14.964,14927,26.22840118408203,0.19245680007934568
26.231292355445124,0.24154042507760673,31,2010-11-13,50.263,50.463,-14.819,-15.019,14928,26.22624969482422,0.15417922439575193
26.26116050992693,0.23299586449041956,28,2010-11-13,50.289,50.489000000000004,-14.847,-15.046999999999999,14928,26.228759765625,0.12281146373748779
26.314495346762918,0.19063693428512737,22,2010-11-13,50.298,50.498000000000005,-14.882,-15.081999999999999,14928,26.25206756591797,0.11324065589904785
26.279583676656088,0.19408652431138626,30,2010-11-13,50.305,50.505,-14.908,-15.107999999999999,14928,26.246688842773438,0.10792432594299316
26.293053521050346,0.18728821115460492,27,2010-11-13,50.327999999999996,50.528,-14.93,-15.129999999999999,14929,26.25206756591797,0.11270902290344238
26.223638458251955,0.1339071955557261,25,2010-11-13,50.368,50.568000000000005,-14.962,-15.161999999999999,14929,26.224815368652344,0.10845878677368163
26.156051751339074,0.14557237917451038,33,2010-11-13,50.397999999999996,50.598,-14.99,-15.19,14929,26.13229751586914,0.13716696853637694
26.149648974018714,0.1529524098587601,31,2010-11-13,50.411,50.611000000000004,-15.025,-15.225,14929,26.10647964477539,0.11271185073852538
26.180761973063152,0.17982228070213288,33,2010-11-13,50.457,50.657000000000004,-15.099,-15.299,14930,26.151660919189453,0.13822740669250488
26.207704544067383,0.1455199724498171,35,2010-11-13,50.498999999999995,50.699,-15.155000000000001,-15.355,14930,26.217641830444336,0.12015471267700195
26.22477478451199,0.12345425707039166,36,2010-11-13,50.525,50.725,-15.204,-15.404,14930,26.242027282714844,0.07708961219787597
26.26314417521159,0.11895852699620693,36,2010-11-13,50.524,50.724000000000004,-15.234,-15.434,14930,26.27501678466797,0.09144370307922363
26.556823412577312,0.24532933007762486,30,2010-11-21,50.543,50.743,-15.303,-15.503,14931,26.600977897644043,0.22329292774200438
26.52768179575602,0.25502299719634897,30,2010-11-21,50.55,50.75,-15.366,-15.565999999999999,14931,26.600977897644043,0.2248878267288208
26.499934726291233,0.24091204490485477,36,2010-11-21,50.559,50.759,-15.415000000000001,-15.615,14931,26.538942337036133,0.20149456100463867
26.419112099541557,0.23479954124752048,36,2010-11-21,50.562999999999995,50.763,-15.483,-15.683,14931,26.451444625854492,0.221698028755188
26.34377187093099,0.2756300351553452,30,2010-11-21,50.545,50.745000000000005,-15.519,-15.719,14932,26.38725757598877,0.28124233818054195
26.253920449150932,0.33536354162021514,36,2010-11-21,50.477,50.677,-15.556000000000001,-15.756,14932,26.235572814941406,0.3944829940795898
26.247884008619522,0.3343540881564209,36,2010-11-21,50.446999999999996,50.647,-15.559000000000001,-15.759,14932,26.235572814941406,0.3944829940795898
26.200691107547645,0.2948582144948126,33,2010-11-21,50.412,50.612,-15.519,-15.719,14932,26.160268783569336,0.30622908897399903
26.229697080758903,0.2909688450446119,26,2010-11-21,50.384,50.584,-15.465,-15.665,14933,26.190749168395996,0.2929396780014038
26.237550867014917,0.2809398944124828,29,2010-11-21,50.397,50.597,-15.439,-15.639,14933,26.221229553222656,0.33281356658935546
26.276810577937535,0.28515872250115776,28,2010-11-21,50.414,50.614000000000004,-15.404,-15.604,14933,26.253860473632812,0.37162277526855464
26.32277558066628,0.2690479617687834,22,2010-11-21,50.421,50.621,-15.381,-15.581,14933,26.317689895629883,0.33068703460693355
26.355121612548828,0.2692601812634246,26,2010-11-21,50.419,50.619,-15.367,-15.567,14934,26.375423431396484,0.39129319610595703
26.276810577937535,0.28515872250115776,28,2010-11-21,50.41,50.61,-15.397,-15.597,14934,26.253860473632812,0.37162277526855464
26.25858564937816,0.2705270116999233,34,2010-11-21,50.431999999999995,50.632,-15.431000000000001,-15.631,14934,26.242027282714844,0.357268684387207
26.279812513078962,0.27820082389292566,35,2010-11-21,50.479,50.679,-15.454,-15.654,14934,26.26282501220703,0.36152174835205075
26.323021189371744,0.2637672439301275,30,2010-11-21,50.506,50.706,-15.435,-15.635,14935,26.297249794006348,0.3168631628036499
26.279812513078962,0.27820082389292566,35,2010-11-21,50.5,50.7,-15.447000000000001,-15.647,14935,26.26282501220703,0.36152174835205075
26.361059930589462,0.25833824124416793,36,2010-11-21,50.510999999999996,50.711,-15.439,-15.639,14935,26.38725757598877,0.3168617488861084
26.323021189371744,0.2637672439301275,30,2010-11-21,50.506,50.706,-15.438,-15.638,14935,26.297249794006348,0.3168631628036499
26.404409726460774,0.26176051699288694,36,2010-11-21,50.528999999999996,50.729,-15.414,-15.613999999999999,14936,26.490890502929687,0.26635661430358887
26.499934726291233,0.24091204490485477,36,2010-11-21,50.559,50.759,-15.411,-15.610999999999999,14936,26.538942337036133,0.20149456100463867
26.584184063805473,0.2786501240466571,36,2010-11-21,50.592999999999996,50.793,-15.409,-15.609,14936,26.600977897644043,0.2333939546585083
26.584184063805473,0.2786501240466571,36,2010-11-21,50.592999999999996,50.793,-15.409,-15.609,14936,26.600977897644043,0.2333939546585083
26.616469383239746,0.2725965369523139,30,2010-11-21,50.629999999999995,50.83,-15.388,-15.588,14937,26.61532211303711,0.21212722091674804
26.584184063805473,0.2786501240466571,36,2010-11-21,50.619,50.819,-15.389000000000001,-15.589,14937,26.600977897644043,0.2333939546585083
26.691988881429037,0.2831449242797215,30,2010-11-21,50.66,50.86,-15.378,-15.578,14937,26.713576316833496,0.25253415641784666
26.78433831532796,0.23119236354042313,30,2010-11-21,50.669,50.869,-15.364,-15.564,14937,26.761268615722656,0.21638028488159178
26.82009792327881,0.22670765402182474,36,2010-11-21,50.701,50.901,-15.371,-15.571,14938,26.82689094543457,0.27007804527282714
26.77999538845486,0.2635968581936698,36,2010-11-21,50.702999999999996,50.903,-15.391,-15.591,14938,26.77919864654541,0.28230560417175293
26.86691017150879,0.26170589362429453,30,2010-11-21,50.736,50.936,-15.463000000000001,-15.663,14938,26.914029121398926,0.25093784351348875
26.85482162899441,0.26605943413381694,36,2010-11-21,50.737,50.937000000000005,-15.484,-15.684,14938,26.914029121398926,0.25093784351348875
26.973794746398926,0.1722112609036566,30,2010-11-29,50.717,50.917,-15.508000000000001,-15.708,14939,26.987899780273438,0.20840720386505127
27.067945268419052,0.14064574691351076,36,2010-11-29,50.656,50.856,-15.492,-15.692,14939,27.117351531982422,0.1089875919342041
27.12153498331706,0.12223055100635744,36,2010-11-29,50.623,50.823,-15.489,-15.689,14939,27.15392780303955,0.08665759220123291
27.15215867360433,0.087436943960482,30,2010-11-29,50.586999999999996,50.787,-15.441,-15.641,14939,27.17006492614746,0.06698858528137207
27.140938758850098,0.12371369944286138,36,2010-11-29,50.607,50.807,-15.397,-15.597,14940,27.16791343688965,0.07017696933746337
27.132053565979003,0.13488285722334462,30,2010-11-29,50.605,50.805,-15.337,-15.536999999999999,14940,27.12631607055664,0.14248329849243163
27.08844871520996,0.12304557699414959,30,2010-11-29,50.632999999999996,50.833,-15.324,-15.524,14940,27.09260845184326,0.11855839977264404
27.004777018229166,0.11962156752046996,30,2010-11-29,50.667,50.867000000000004,-15.291,-15.491,14940,27.01049041748047,0.13184922466278076
26.982938766479492,0.12019362187087218,36,2010-11-29,50.707,50.907000000000004,-15.27,-15.469999999999999,14941,26.961362838745117,0.11855698585510253
26.95114352968004,0.11433169447546186,36,2010-11-29,50.742,50.942,-15.262,-15.462,14941,26.947736740112305,0.1089875919342041
26.924647596147324,0.10739436360177594,36,2010-11-29,50.777,50.977000000000004,-15.290000000000001,-15.49,14941,26.92012596130371,0.11483555488586425
26.920563591851128,0.10089901638425977,36,2010-11-29,50.817,51.017,-15.278,-15.478,14941,26.92012596130371,0.08453247413635254
26.906283696492512,0.09427799162147506,30,2010-11-29,50.836999999999996,51.037,-15.277000000000001,-15.477,14942,26.910801887512207,0.09038043708801269
26.928691758049858,0.11212931738022276,36,2010-11-29,50.845,51.045,-15.284,-15.484,14942,26.919050216674805,0.10845595893859862
26.928691758049858,0.11212931738022276,36,2010-11-29,50.845,51.045,-15.284,-15.484,14942,26.919050216674805,0.10845595893859862
26.964949544270834,0.11548760131468845,30,2010-11-29,50.9,51.1,-15.251000000000001,-15.451,14942,26.96494960784912,0.09729166603088378
26.947689247131347,0.1574344787504723,30,2010-11-29,50.92,51.120000000000005,-15.248000000000001,-15.448,14943,26.997581481933594,0.07868451118469239
26.979460525512696,0.12953225500929383,30,2010-11-29,50.924,51.124,-15.268,-15.468,14943,26.997581481933594,0.1004814640045166
26.99285994635688,0.12838812480071257,36,2010-11-29,50.957,51.157000000000004,-15.288,-15.488,14943,27.008338928222656,0.102076362991333
26.99285994635688,0.12838812480071257,36,2010-11-29,50.957,51.157000000000004,-15.288,-15.488,14943,27.008338928222656,0.102076362991333
26.99285994635688,0.12838812480071257,36,2010-11-29,50.957,51.157000000000004,-15.288,-15.488,14943,27.008338928222656,0.102076362991333
26.95996904373169,0.14813225827252333,36,2010-11-29,50.936,51.136,-15.243,-15.443,14944,27.00152587890625,0.08612737312316894
26.95996904373169,0.14813225827252333,36,2010-11-29,50.936,51.136,-15.243,-15.443,14944,27.00152587890625,0.08612737312316894
26.94018274943034,0.17157342302867254,30,2010-11-29,50.983,51.183,-15.171000000000001,-15.371,14944,26.98467254638672,0.12334451065063476
26.95769797431098,0.14148808785614234,36,2010-11-29,51.019999999999996,51.22,-15.141,-15.341,14945,26.988616943359375,0.13823023452758787
26.98101448059082,0.13476670778897817,25,2010-11-29,51.048,51.248000000000005,-15.127,-15.327,14945,27.002960205078125,0.153115958404541
26.991126749250625,0.13140722049503523,36,2010-11-29,51.079,51.279,-15.141,-15.341,14945,27.00116729736328,0.14779962844848632
26.994314246707493,0.11261914920372727,36,2010-11-29,51.113,51.313,-15.136000000000001,-15.336,14945,27.00116729736328,0.10951922492980956
27.00090440114339,0.11054166646568644,30,2010-11-29,51.106,51.306000000000004,-15.13,-15.33,14946,27.006187438964844,0.102076362991333
26.994314246707493,0.11261914920372727,36,2010-11-29,51.117,51.317,-15.139000000000001,-15.339,14946,27.00116729736328,0.10951922492980956
27.018080870310467,0.10462439497191267,36,2010-11-29,51.135999999999996,51.336,-15.107000000000001,-15.307,14946,27.009414672851563,0.10951922492980956
27.015471193525528,0.09216576825088578,36,2010-11-29,51.153999999999996,51.354,-15.067,-15.267,14946,27.006187438964844,0.10313962898254395
27.543558226691353,0.2408795118126218,36,2010-12-07,51.183,51.383,-15.021,-15.221,14947,27.515029907226563,0.2142537528991699
27.544745635986327,0.24527469272572788,30,2010-12-07,51.214999999999996,51.415,-15.022,-15.222,14947,27.503196716308594,0.21903844985961912
27.525142606099447,0.26280379100229534,30,2010-12-07,51.239,51.439,-15.002,-15.202,14947,27.491004943847656,0.30038253993988034
27.492606290181477,0.22834841332129455,30,2010-12-07,51.268,51.468,-15.005,-15.205,14947,27.484909057617188,0.15949272651672364
27.46968027750651,0.17360059471091516,30,2010-12-07,51.292,51.492000000000004,-14.986,-15.186,14948,27.4813232421875,0.14939169960021972
27.425262641906738,0.20032775212742626,30,2010-12-07,51.308,51.508,-15.006,-15.206,14948,27.46482753753662,0.18448089122772215
27.461155319213866,0.1759438857655718,25,2010-12-07,51.299,51.499,-15.008000000000001,-15.208,14948,27.484909057617188,0.13716414070129393
27.489470587836372,0.22466908836734867,36,2010-12-07,51.289,51.489000000000004,-15.02,-15.219999999999999,14948,27.484909057617188,0.161620672416687
27.489470587836372,0.22466908836734867,36,2010-12-07,51.289,51.489000000000004,-15.02,-15.219999999999999,14948,27.484909057617188,0.161620672416687
27.525142606099447,0.26280379100229534,30,2010-12-07,51.243,51.443000000000005,-15.008000000000001,-15.208,14949,27.491004943847656,0.30038253993988034
27.531983799404568,0.250597283845807,36,2010-12-07,51.227,51.427,-14.969000000000001,-15.169,14949,27.491004943847656,0.24934294452667236
27.540012253655327,0.23235947783479427,36,2010-12-07,51.236,51.436,-14.942,-15.142,14949,27.491004943847656,0.1664053693771362
27.525979423522948,0.19174328664006068,30,2010-12-07,51.243,51.443000000000005,-14.883000000000001,-15.083,14950,27.474509239196777,0.15577270946502686
27.474768426683212,0.21407623563280254,36,2010-12-07,51.24,51.440000000000005,-14.864,-15.064,14950,27.4235897064209,0.21744496479034423
27.432625770568848,0.206274310108762,30,2010-12-07,51.268,51.468,-14.841000000000001,-15.041,14950,27.3981294631958,0.1855469850540161
27.38175686427525,0.22875603168586867,35,2010-12-07,51.269999999999996,51.47,-14.818,-15.017999999999999,14950,27.380199432373047,0.18076087417602538
27.384552199265052,0.21325735857619837,29,2010-12-07,51.25,51.45,-14.793000000000001,-14.993,14951,27.407453536987305,0.22116780967712402
27.38073229108538,0.19697633098355155,35,2010-12-07,51.248,51.448,-14.765,-14.965,14951,27.39382553100586,0.153115958404541
27.29010053362165,0.17237659071173778,35,2010-12-07,51.263,51.463,-14.704,-14.904,14951,27.31206703186035,0.15949555435180662
27.32122633797782,0.1977131707030226,35,2010-12-07,51.241,51.441,-14.639000000000001,-14.839,14951,27.31206703186035,0.15949555435180662
27.341635404314314,0.23384037473493782,35,2010-12-07,51.272999999999996,51.473,-14.597,-14.796999999999999,14952,27.322824478149414,0.2636984493255615
27.322864638434517,0.22038835321851458,36,2010-12-07,51.303,51.503,-14.551,-14.751,14952,27.317445755004883,0.22382314682006835
27.277116139729817,0.2161162539055756,30,2010-12-07,51.333999999999996,51.534,-14.540000000000001,-14.74,14952,27.2572021484375,0.2025578269958496
27.258218394385445,0.20421179383450705,36,2010-12-07,51.347,51.547000000000004,-14.526,-14.725999999999999,14952,27.21811580657959,0.1701268003463745
27.325892713334824,0.23448380787835507,36,2010-12-07,51.318,51.518,-14.522,-14.722,14953,27.317087173461914,0.2535974224090576
27.4065678914388,0.22129640710990878,30,2010-12-07,51.298,51.498000000000005,-14.497,-14.697,14953,27.39956283569336,0.25891375236511227
27.535171190897625,0.18906139411844608,36,2010-12-07,51.248999999999995,51.449,-14.455,-14.655,14953,27.53798007965088,0.2163816987991333
27.47462887234158,0.23138426880773721,36,2010-12-07,51.241,51.441,-14.394,-14.594,14953,27.50749969482422,0.21372211990356443
27.363166279262966,0.20789483319384647,36,2010-12-07,51.224,51.424,-14.329,-14.529,14954,27.33394145965576,0.24136844959259032
27.330833223130966,0.1980154510184928,36,2010-12-07,51.237,51.437000000000005,-14.273,-14.472999999999999,14954,27.30130958557129,0.16747004928588866
27.264892101287842,0.19169265373239477,36,2010-12-07,51.223,51.423,-14.242,-14.442,14954,27.266883850097656,0.15896250743865967
27.20363261964586,0.2200456210937407,36,2010-12-07,51.234,51.434000000000005,-14.189,-14.389,14954,27.2342529296875,0.11962307968139647
27.534414450327557,0.20879102047939208,36,2010-12-15,51.193,51.393,-14.111,-14.311,14955,27.551965713500977,0.20362109298706055
27.525509463416206,0.21604373420114978,36,2010-12-15,51.141,51.341,-14.069,-14.269,14955,27.50965118408203,0.23020557060241698
27.49702130423652,0.1981058936870182,36,2010-12-15,51.14,51.34,-14.028,-14.228,14955,27.44582176208496,0.18979863510131834
27.470684634314644,0.17182906400859724,36,2010-12-15,51.123,51.323,-13.98,-14.18,14955,27.425382614135742,0.14354656448364256
27.41677614847819,0.12317650530353756,30,2010-12-15,51.111,51.311,-13.922,-14.122,14956,27.41498374938965,0.1174951337814331
27.417971399095322,0.12123557134246377,36,2010-12-15,51.073,51.273,-13.885,-14.084999999999999,14956,27.41498374938965,0.11696350078582764
27.390558931562637,0.10824240601036338,36,2010-12-15,51.065,51.265,-13.825000000000001,-14.025,14956,27.380916595458984,0.1073926929473877
27.40535842895508,0.10329409305911215,25,2010-12-15,51.001999999999995,51.202,-13.754,-13.953999999999999,14956,27.38808822631836,0.10313962898254395
27.3858891805013,0.10840181515262146,30,2010-12-15,50.966,51.166000000000004,-13.679,-13.879,14957,27.397052764892578,0.06167084140777587
27.360158178541397,0.07937874234028497,36,2010-12-15,50.905,51.105000000000004,-13.599,-13.799,14957,27.386653900146484,0.06698858528137207
27.371392517089845,0.09041644060601473,25,2010-12-15,50.879999999999995,51.08,-13.546000000000001,-13.746,14957,27.395977020263672,0.09250696907043457
27.32672945658366,0.10619008155619622,36,2010-12-15,50.845,51.045,-13.452,-13.652,14957,27.328561782836914,0.09569676704406738
27.31706345876058,0.11154389809824172,30,2010-12-15,50.844,51.044000000000004,-13.423,-13.623,14958,27.31852149963379,0.1206835178375244
27.27232297261556,0.10137286011777599,36,2010-12-15,50.806999999999995,51.007,-13.342,-13.542,14958,27.27333927154541,0.11324206981658935
27.258684412638345,0.07833008302719055,30,2010-12-15,50.798,50.998000000000005,-13.303,-13.503,14958,27.26831817626953,0.09835493202209472
27.273637930552166,0.07829017960595097,36,2010-12-15,50.734,50.934000000000005,-13.264000000000001,-13.464,14958,27.27190399169922,0.09622840003967284
27.292774772644044,0.11186912221642997,30,2010-12-15,50.708999999999996,50.909,-13.246,-13.446,14959,27.261863708496094,0.10686105995178222
27.298779063754612,0.10407772651147616,36,2010-12-15,50.644,50.844,-13.218,-13.418,14959,27.27190399169922,0.08559574012756348
27.308600584665935,0.10742195095368334,36,2010-12-15,50.574,50.774,-13.177,-13.376999999999999,14959,27.31780433654785,0.11377228889465331
27.319278717041016,0.10615709126679067,36,2010-12-15,50.518,50.718,-13.164,-13.363999999999999,14959,27.32139015197754,0.11005085792541504
27.35961659749349,0.10431388122143533,30,2010-12-15,50.443999999999996,50.644,-13.088000000000001,-13.288,14960,27.37087631225586,0.08134267616271972
27.398587544759113,0.08101253391587736,36,2010-12-15,50.384,50.584,-12.981,-13.181,14960,27.418569564819336,0.08453247413635254
27.320769119262696,0.10117748925636491,30,2010-12-15,50.308,50.508,-12.839,-13.039,14960,27.308839797973633,0.10367126197814941
27.4601895014445,0.1525836127816765,30,2010-12-15,50.211999999999996,50.412,-12.706,-12.905999999999999,14960,27.510009765625,0.07017838325500488
27.48421123292711,0.08210210245405576,36,2010-12-15,50.138,50.338,-12.574,-12.774,14961,27.491722106933594,0.04837860260009765
27.39707717895508,0.10041300838347368,30,2010-12-15,50.077,50.277,-12.466000000000001,-12.666,14961,27.418928146362305,0.11111412391662596
27.40436469184028,0.1080198051154394,36,2010-12-15,50.025,50.225,-12.354000000000001,-12.554,14961,27.415700912475586,0.11271043682098388
27.399037679036457,0.13746312549836037,30,2010-12-15,50.004,50.204,-12.265,-12.465,14961,27.439367294311523,0.1206835178375244
27.369527587890627,0.12617088872337615,25,2010-12-15,50.007999999999996,50.208,-12.129,-12.328999999999999,14962,27.37374496459961,0.13716696853637694
27.449188550313313,0.1524507795656408,36,2010-12-15,49.987,50.187000000000005,-12.030000000000001,-12.23,14962,27.447973251342773,0.16906494827270507
27.517500506507027,0.15893960693002165,36,2010-12-15,49.937999999999995,50.138,-11.931000000000001,-12.131,14962,27.536187171936035,0.15736760845184325
27.541884846157497,0.10295515676951447,36,2010-12-15,49.873,50.073,-11.867,-12.067,14962,27.57132911682129,0.1004814640045166
28.23257395426432,0.22987136727147806,30,2010-12-23,49.804,50.004000000000005,-11.84,-12.04,14963,28.299989700317383,0.20149456100463867
28.198842175801595,0.2661288106035529,30,2010-12-23,49.714999999999996,49.915,-11.788,-11.988,14963,28.297121047973633,0.2737994762420654
28.133741749657524,0.2738270161243749,36,2010-12-23,49.617,49.817,-11.724,-11.924,14963,28.189184188842773,0.33972479553222656
28.201555675930447,0.27124024777095046,36,2010-12-23,49.533,49.733000000000004,-11.657,-11.857,14963,28.277398109436035,0.27113989734649657
28.338279035356308,0.32345410462926155,36,2010-12-23,49.375,49.575,-11.538,-11.738,14964,28.4635066986084,0.21053514976501464
28.350829866197373,0.35590851055202777,36,2010-12-23,49.263999999999996,49.464,-11.473,-11.673,14964,28.494705200195313,0.25838211936950684
28.72081756591797,0.14462067161104514,36,2010-12-23,49.105,49.305,-11.353,-11.552999999999999,14964,28.71488094329834,0.127596160697937
28.42189073562622,0.3456486682220532,36,2010-12-23,48.943,49.143,-11.223,-11.423,14964,28.472472190856934,0.3934211420059204
28.246817959679497,0.31666776320525036,36,2010-12-23,48.725,48.925000000000004,-11.145,-11.344999999999999,14965,28.228629112243652,0.331748886680603
28.8679002655877,0.1869936261125585,36,2010-12-23,48.486,48.686,-11.037,-11.237,14965,28.91712760925293,0.1632155714035034
28.58287896050347,0.38730244232435074,36,2010-12-23,48.291,48.491,-10.985000000000001,-11.185,14965,28.612682342529297,0.48433179817199706
28.38990052541097,0.3122433144749677,30,2010-12-23,48.126,48.326,-10.893,-11.093,14965,28.358440399169922,0.3216478597640991
28.373664583478654,0.21422593413833885,35,2010-12-23,47.870999999999995,48.071,-10.808,-11.008,14966,28.354137420654297,0.12334168281555175
28.41768725713094,0.19665164529640572,36,2010-12-23,47.66,47.86,-10.738,-10.937999999999999,14966,28.386051177978516,0.14833126144409178
28.581504185994465,0.14042360699009535,36,2010-12-23,47.482,47.682,-10.706,-10.905999999999999,14966,28.587221145629883,0.13397575664520264
28.714938278198243,0.10517651920879852,25,2010-12-23,47.299,47.499,-10.712,-10.911999999999999,14966,28.70699119567871,0.11802818069458007
28.717729780409073,0.09308197421429087,36,2010-12-23,47.219,47.419000000000004,-10.693,-10.892999999999999,14967,28.728866577148438,0.0866590061187744
28.779347790612114,0.08719973122056303,36,2010-12-23,47.092,47.292,-10.610000000000001,-10.81,14967,28.78624153137207,0.07868451118469239
28.764665285746258,0.08630041371935789,36,2010-12-23,46.981,47.181000000000004,-10.593,-10.793,14967,28.758987426757813,0.07283654823303222
28.726547050476075,0.0891339459709565,30,2010-12-23,46.870999999999995,47.071,-10.587,-10.786999999999999,14967,28.747512817382812,0.07549471321105956
28.65324290593465,0.17289422684285502,36,2010-12-23,46.723,46.923,-10.618,-10.818,14968,28.66718864440918,0.18288740615844726
28.63240459230211,0.20625665504480512,36,2010-12-23,46.599,46.799,-10.656,-10.856,14968,28.65929889678955,0.19564659805297852
28.73422490225898,0.12222243872584704,36,2010-12-23,46.449999999999996,46.65,-10.698,-10.898,14968,28.73065948486328,0.1376986015319824
28.777763671875,0.11224772576394375,25,2010-12-23,46.256,46.456,-10.712,-10.911999999999999,14968,28.782297134399414,0.11909144668579101
28.764772987365724,0.24082135357603726,30,2010-12-23,46.013999999999996,46.214,-10.756,-10.956,14969,28.738906860351563,0.2727362102508545
29.049806065029568,0.38703971465361786,36,2010-12-23,45.79,45.99,-10.776,-10.975999999999999,14969,29.078493118286133,0.4311670846939087
29.075863711039226,0.17545772439580942,30,2010-12-23,45.586,45.786,-10.717,-10.917,14969,29.06486701965332,0.18341903915405272
29.033287048339844,0.16690282257821604,30,2010-12-23,45.378,45.578,-10.704,-10.904,14969,29.02075958251953,0.1499233325958252
29.71557304594252,0.1965353297972514,36,2010-12-29 12:00:00,45.193,45.393,-10.659,-10.859,14970,29.732208251953125,0.12972269268035888
29.724258740743,0.18721853579095568,36,2010-12-29 12:00:00,45.03,45.230000000000004,-10.604000000000001,-10.804,14970,29.685590744018555,0.11430392189025879
29.695989926656086,0.22693163322613688,36,2010-12-29 12:00:00,44.855,45.055,-10.552,-10.751999999999999,14970,29.668378829956055,0.15045779342651366
29.733542442321777,0.19314222468559375,36,2010-12-29 12:00:00,44.699,44.899,-10.474,-10.674,14970,29.742965698242187,0.17119148025512695
29.7021058400472,0.19676456602889736,36,2010-12-29 12:00:00,44.533,44.733000000000004,-10.436,-10.636,14971,29.722167015075684,0.2211663957595825
29.565366363525392,0.16104203221314076,30,2010-12-29 12:00:00,44.363,44.563,-10.382,-10.581999999999999,14971,29.57621955871582,0.1462033155441284
29.526455296410454,0.14744305092347387,36,2010-12-29 12:00:00,44.184,44.384,-10.366,-10.565999999999999,14971,29.535341262817383,0.12972410659790037
29.485476122962105,0.329435346500057,36,2010-12-29 12:00:00,44.034,44.234,-10.328000000000001,-10.528,14971,29.514901161193848,0.27486274223327634
29.85243180592855,0.34120916808105284,30,2010-12-29 12:00:00,43.870999999999995,44.071,-10.298,-10.498,14972,29.940549850463867,0.3461029775619507
30.045577579074436,0.282841550398607,36,2010-12-29 12:00:00,43.717,43.917,-10.249,-10.449,14972,30.05852508544922,0.14939311351776122
29.856420199076336,0.26343184091460686,36,2010-12-29 12:00:00,43.57,43.77,-10.202,-10.402,14972,29.938398361206055,0.2403065975189209
29.840761608547634,0.17194070741506326,36,2010-12-29 12:00:00,43.407,43.607,-10.138,-10.338,14972,29.844088554382324,0.161620672416687
29.592284711201987,0.39217855984220656,30,2010-12-29 12:00:00,43.243,43.443000000000005,-10.087,-10.286999999999999,14973,29.606342315673828,0.2652919343948364
29.314794355823146,0.41310170910998356,31,2010-12-29 12:00:00,43.073,43.273,-10.054,-10.254,14973,29.449277877807617,0.25306578941345215
29.34071902224892,0.30632036000862056,19,2010-12-29 12:00:00,42.888,43.088,-10.002,-10.202,14973,29.369670867919922,0.3413196945190429
29.282891409737722,0.5038238958394018,28,2010-12-29 12:00:00,42.728,42.928000000000004,-9.978,-10.177999999999999,14973,29.191450119018555,0.3083570348739624
29.219539960225422,0.4965695571250703,30,2010-12-29 12:00:00,42.571999999999996,42.772,-9.943,-10.142999999999999,14974,29.071680068969727,0.40352075500488277
29.21325707435608,0.2971143061479734,32,2010-12-29 12:00:00,42.41,42.61,-9.894,-10.094,14974,29.20149040222168,0.2966611089706421
29.052080753871373,0.287523821238045,35,2010-12-29 12:00:00,42.285,42.485,-9.865,-10.065,14974,28.984542846679688,0.2328609077453613
28.981892850663925,0.19812066191641328,36,2010-12-29 12:00:00,42.183,42.383,-9.811,-10.011,14974,28.9289608001709,0.18448230514526368
28.97952201631334,0.24740932534145438,36,2010-12-29 12:00:00,42.052,42.252,-9.764000000000001,-9.964,14975,28.90385913848877,0.19139353408813475
28.803692287868923,0.2623452967794117,36,2010-12-29 12:00:00,41.943,42.143,-9.708,-9.908,14975,28.816720962524414,0.2450898805618286
28.959859318203396,0.3698409880212722,36,2010-12-29 12:00:00,41.815,42.015,-9.662,-9.862,14975,28.958005905151367,0.3290921356201172
29.295681105719673,0.3950970593581983,36,2010-12-29 12:00:00,41.707,41.907000000000004,-9.6,-9.799999999999999,14975,29.29006290435791,0.4901811750411987
30.897593445248074,0.6152848714308928,36,2011-01-05,41.562999999999995,41.763,-9.566,-9.766,14976,31.07585334777832,0.5130399799346923
31.313505045572917,0.48404890022974467,30,2011-01-05,41.449,41.649,-9.546000000000001,-9.746,14976,31.421894073486328,0.48061036720275874
31.300499788920085,0.5492210269711201,30,2011-01-05,41.336999999999996,41.537,-9.565,-9.764999999999999,14976,31.35196876525879,0.6103344738006592
30.864543120066326,0.6006467592107868,36,2011-01-05,41.24,41.440000000000005,-9.579,-9.779,14976,30.944250106811523,0.443396057510376
30.846613460116917,0.4205774011835081,36,2011-01-05,41.178,41.378,-9.596,-9.796,14977,30.869304656982422,0.323244172668457
30.71931404903017,0.3874188144983409,29,2011-01-05,41.132,41.332,-9.603,-9.802999999999999,14977,30.71654510498047,0.4189381118774414
30.785147966657366,0.43512482044705464,35,2011-01-05,41.104,41.304,-9.616,-9.815999999999999,14977,30.75885772705078,0.49018258895874023
30.750746365251214,0.4671781154836988,29,2011-01-05,41.085,41.285000000000004,-9.602,-9.802,14977,30.70722198486328,0.5125111747741699
30.78029908805058,0.5548933410125321,29,2011-01-05,41.05,41.25,-9.58,-9.78,14978,30.682117462158203,0.83468642578125
30.61171199253627,0.7737043374557974,35,2011-01-05,41.025999999999996,41.226,-9.541,-9.741,14978,30.67709732055664,0.8527676033020019
30.410348219030045,0.8377593556254407,34,2011-01-05,40.98,41.18,-9.497,-9.697,14978,30.484176635742188,0.9676017442703246
30.361742155892507,0.7622366283356065,28,2011-01-05,40.928,41.128,-9.466000000000001,-9.666,14978,30.39883041381836,0.8006633279800415
30.367896143595377,0.7862826354283703,30,2011-01-05,40.869,41.069,-9.421000000000001,-9.621,14979,30.609682083129883,0.8580839332580565
30.335885747273764,0.8452698110428141,30,2011-01-05,40.795,40.995000000000005,-9.389000000000001,-9.589,14979,30.609682083129883,0.7607922672271729
30.070681539075128,0.8130574185648776,29,2011-01-05,40.751999999999995,40.952,-9.367,-9.567,14979,30.29985809326172,1.1026407669067382
29.80707130432129,0.7306390970668369,35,2011-01-05,40.705999999999996,40.906,-9.362,-9.562,14979,29.59343147277832,0.6932692211151122
29.670007051740374,0.6803871050181161,35,2011-01-05,40.666,40.866,-9.358,-9.558,14980,29.452146530151367,0.44871238746643066
29.555923461914063,0.5810469493367804,30,2011-01-05,40.632999999999996,40.833,-9.344000000000001,-9.544,14980,29.43672752380371,0.3774707382202148
29.521733707851833,0.538146332605688,36,2011-01-05,40.61,40.81,-9.347,-9.546999999999999,14980,29.423460006713867,0.2397735506057739
29.521733707851833,0.538146332605688,36,2011-01-05,40.61,40.81,-9.347,-9.546999999999999,14980,29.423460006713867,0.2397735506057739
29.45774101257324,0.4177184841114462,25,2011-01-05,40.589,40.789,-9.335,-9.535,14981,29.41700553894043,0.1616192584991455
29.511513974931503,0.3894498364273488,36,2011-01-05,40.576,40.776,-9.318,-9.517999999999999,14981,29.447843551635742,0.22701435871124268
29.511513974931503,0.3894498364273488,36,2011-01-05,40.576,40.776,-9.318,-9.517999999999999,14981,29.447843551635742,0.22701435871124268
29.511513974931503,0.3894498364273488,36,2011-01-05,40.576,40.776,-9.318,-9.517999999999999,14981,29.447843551635742,0.22701435871124268
29.511513974931503,0.3894498364273488,36,2011-01-05,40.576,40.776,-9.318,-9.517999999999999,14981,29.447843551635742,0.22701435871124268
29.465199813842773,0.3235588443204522,25,2011-01-05,40.548,40.748000000000005,-9.3,-9.5,14982,29.452146530151367,0.18607720413208007
29.530459615919327,0.3370642994084921,36,2011-01-05,40.536,40.736000000000004,-9.291,-9.491,14982,29.481910705566406,0.30197743892669676
29.465199813842773,0.3235588443204522,25,2011-01-05,40.546,40.746,-9.293000000000001,-9.493,14982,29.452146530151367,0.18607720413208007
29.530459615919327,0.3370642994084921,36,2011-01-05,40.532,40.732,-9.283,-9.482999999999999,14983,29.481910705566406,0.30197743892669676
29.530459615919327,0.3370642994084921,36,2011-01-05,40.532,40.732,-9.283,-9.482999999999999,14983,29.481910705566406,0.30197743892669676
29.605485068427193,0.3225355634727904,36,2011-01-05,40.497,40.697,-9.264000000000001,-9.464,14983,29.53462314605713,0.30782540187835694
29.605485068427193,0.3225355634727904,36,2011-01-05,40.497,40.697,-9.264000000000001,-9.464,14983,29.53462314605713,0.30782540187835694
29.03823169072469,0.24841166027163733,36,2011-01-13,40.478,40.678000000000004,-9.238,-9.437999999999999,14984,28.987411499023437,0.1515210594177246
29.037355105082195,0.2490081101624298,36,2011-01-13,40.442,40.642,-9.221,-9.421,14984,28.987411499023437,0.14939452743530274
28.964660432603623,0.21758493520418756,36,2011-01-13,40.415,40.615,-9.203000000000001,-9.403,14984,28.97844696044922,0.10260799598693847
28.95373207092285,0.24863961233664222,25,2011-01-13,40.379,40.579,-9.214,-9.414,14984,28.970199584960937,0.11589882087707519
29.01648095448812,0.27063018406256895,30,2011-01-13,40.338,40.538000000000004,-9.199,-9.399,14985,29.00354766845703,0.12281146373748779
29.0740668198158,0.27862545758465845,29,2011-01-13,40.297,40.497,-9.191,-9.391,14985,29.048372268676758,0.13504043655395506
29.099321842193604,0.25089781238871295,24,2011-01-13,40.254999999999995,40.455,-9.167,-9.366999999999999,14985,29.072038650512695,0.13078454475402831
29.15933053152902,0.2529156274771232,35,2011-01-13,40.242,40.442,-9.154,-9.354,14985,29.099292755126953,0.17225474624633788
29.155990491594586,0.21844316730705798,35,2011-01-13,40.199999999999996,40.4,-9.104000000000001,-9.304,14986,29.147342681884766,0.1786343421936035
29.18934637705485,0.19056342381967625,30,2011-01-13,40.181,40.381,-9.046000000000001,-9.246,14986,29.15666675567627,0.13503902263641357
29.211870034535725,0.1840098303719686,36,2011-01-13,40.149,40.349000000000004,-8.978,-9.177999999999999,14986,29.22013759613037,0.1398237195968628
29.172875086466473,0.12689418162451643,30,2011-01-13,40.098,40.298,-8.925,-9.125,14986,29.166348457336426,0.15098801250457763
29.07267172196332,0.25655708143288414,34,2011-01-13,40.067,40.267,-8.849,-9.049,14987,29.124034881591797,0.1733180122375488
28.960305774913113,0.2833088308707006,34,2011-01-13,40.013,40.213,-8.775,-8.975,14987,29.016456604003906,0.2615719173431396
28.919411411991828,0.24234246796484027,27,2011-01-13,40.001999999999995,40.202,-8.706,-8.905999999999999,14987,28.927885055541992,0.23605353355407713
28.93992470249985,0.2285079958622031,33,2011-01-13,39.974,40.174,-8.639000000000001,-8.839,14987,28.969480514526367,0.238180065536499
29.052551923479353,0.17291715758717943,35,2011-01-13,39.97,40.17,-8.574,-8.774,14988,29.11435317993164,0.0733681812286377
29.15493361155192,0.06841606897662557,36,2011-01-13,39.985,40.185,-8.491,-8.690999999999999,14988,29.148059844970703,0.06326715431213378
29.19403222401937,0.07693380287501841,30,2011-01-13,40.001999999999995,40.202,-8.405000000000001,-8.605,14988,29.19001579284668,0.10579779396057128
29.212941869099936,0.07670234834372514,30,2011-01-13,40.003,40.203,-8.315,-8.514999999999999,14988,29.216910362243652,0.08399942722320557
29.206969261169434,0.06962017285259373,36,2011-01-13,40.036,40.236000000000004,-8.207,-8.407,14989,29.202566146850586,0.0733681812286377
29.158778349558514,0.08409499525000273,36,2011-01-13,40.056,40.256,-8.102,-8.302,14989,29.164196968078613,0.06698717136383056
29.086521996392143,0.09418674161277076,36,2011-01-13,40.094,40.294000000000004,-7.974,-8.174,14989,29.104312896728516,0.09994983100891112
29.084769037034775,0.10963917769066764,36,2011-01-13,40.092999999999996,40.293,-7.862,-8.062,14989,29.081003189086914,0.10951922492980956
29.09702099694146,0.09629936565455358,36,2011-01-13,40.125,40.325,-7.719,-7.919,14990,29.093913078308105,0.10473594188690186
29.17810254626804,0.08221525956615454,36,2011-01-13,40.117,40.317,-7.574000000000001,-7.774,14990,29.177465438842773,0.06433042030334472
29.260945320129395,0.09633989364436261,30,2011-01-13,40.123,40.323,-7.46,-7.659999999999999,14990,29.249542236328125,0.1073926929473877
29.248028172387016,0.11428982107518412,36,2011-01-13,40.106,40.306000000000004,-7.321000000000001,-7.521,14990,29.25348663330078,0.1329110767364502
29.160212887658012,0.10249820031465744,36,2011-01-13,40.098,40.298,-7.204000000000001,-7.404,14991,29.144115447998047,0.09144370307922363
29.11152384016249,0.06598779531879709,36,2011-01-13,40.061,40.261,-7.095000000000001,-7.295,14991,29.113277435302734,0.051036767578124996
29.063691669040256,0.08375251169061859,36,2011-01-13,40.032,40.232,-6.973000000000001,-7.173,14991,29.07096290588379,0.06858348426818847
29.048371844821506,0.09301666102928002,36,2011-01-13,40.028999999999996,40.229,-6.856000000000001,-7.056,14991,29.05912971496582,0.08878553810119628
28.93390115102132,0.17225179341829358,36,2011-01-21,39.984,40.184000000000005,-6.721,-6.920999999999999,14992,28.94832420349121,0.1414172046661377
28.984064473046196,0.16541642205925752,36,2011-01-21,39.958,40.158,-6.593,-6.792999999999999,14992,28.9981689453125,0.17491291122436523
29.07421455383301,0.12592386624271718,30,2011-01-21,39.918,40.118,-6.5,-6.699999999999999,14992,29.093195915222168,0.1345073896408081
29.000009536743164,0.16433586643240028,30,2011-01-21,39.878,40.078,-6.371,-6.571,14992,29.060564041137695,0.18341903915405272
28.852739651997883,0.12088237281644555,36,2011-01-21,39.789,39.989000000000004,-6.24,-6.4399999999999995,14993,28.87337875366211,0.14886289443969725
28.871944162580704,0.11140944059923232,36,2011-01-21,39.739,39.939,-6.143000000000001,-6.343,14993,28.87588882446289,0.14035535259246826
28.8050667974684,0.12544040101719742,36,2011-01-21,39.69,39.89,-6.037,-6.236999999999999,14993,28.79520606994629,0.15417781047821044
28.768167813618977,0.1387834987114877,30,2011-01-21,39.653,39.853,-5.9590000000000005,-6.159,14993,28.779786109924316,0.15364617748260498
28.593150647481284,0.2356793690150835,30,2011-01-21,39.585,39.785000000000004,-5.86,-6.06,14994,28.621288299560547,0.15417922439575193
28.476153818766274,0.21013805466565288,30,2011-01-21,39.503,39.703,-5.7700000000000005,-5.97,14994,28.509765625,0.1376986015319824
28.50742301940918,0.19263355218693054,30,2011-01-21,39.448,39.648,-5.7090000000000005,-5.909,14994,28.505821228027344,0.18288740615844726
28.533927522856615,0.14161859546398628,29,2011-01-21,39.368,39.568000000000005,-5.667000000000001,-5.867,14994,28.511917114257812,0.14567309646606444
28.539037704467773,0.11633748399599642,27,2011-01-21,39.306999999999995,39.507,-5.628,-5.827999999999999,14995,28.509765625,0.09250696907043457
28.52002150217692,0.1348947073720895,30,2011-01-21,39.291,39.491,-5.6450000000000005,-5.845,14995,28.488967895507813,0.11430392189025879
28.53438904171898,0.1367256055701994,21,2011-01-21,39.254,39.454,-5.631,-5.8309999999999995,14995,28.469602584838867,0.10845878677368163
28.58703668655888,0.17230747985328235,31,2011-01-21,39.22,39.42,-5.621,-5.821,14995,28.559968948364258,0.1499261604309082
28.58703668655888,0.17230747985328235,31,2011-01-21,39.22,39.42,-5.621,-5.821,14995,28.559968948364258,0.1499261604309082
28.58703668655888,0.17230747985328235,31,2011-01-21,39.22,39.42,-5.621,-5.821,14995,28.559968948364258,0.1499261604309082
